{
  "n_tasks": 57,
  "n_evaluated_tasks": 57,
  "accuracy": 0.8596491228070176,
  "avg_score": 0.9456975772765247,
  "successes": [
    1,
    1,
    1,
    1,
    1,
    1,
    1,
    1,
    1,
    1,
    1,
    0,
    1,
    1,
    1,
    1,
    1,
    1,
    1,
    1,
    1,
    1,
    0,
    1,
    1,
    0,
    1,
    0,
    0,
    0,
    1,
    1,
    0,
    1,
    0,
    1,
    1,
    1,
    1,
    1,
    1,
    1,
    1,
    1,
    1,
    1,
    1,
    1,
    1,
    1,
    1,
    1,
    1,
    1,
    1,
    1,
    1
  ],
  "scores": [
    1.0,
    1.0,
    1.0,
    1.0,
    1.0,
    1.0,
    1.0,
    1.0,
    1.0,
    1.0,
    1.0,
    0.5,
    1.0,
    1.0,
    1.0,
    1.0,
    1.0,
    1.0,
    1.0,
    1.0,
    1.0,
    1.0,
    0.16666666666666666,
    1.0,
    1.0,
    0.6666666666666666,
    1.0,
    0.8571428571428571,
    0.8571428571428571,
    0.8571428571428571,
    1.0,
    1.0,
    0.5,
    1.0,
    0.5,
    1.0,
    1.0,
    1.0,
    1.0,
    1.0,
    1.0,
    1.0,
    1.0,
    1.0,
    1.0,
    1.0,
    1.0,
    1.0,
    1.0,
    1.0,
    1.0,
    1.0,
    1.0,
    1.0,
    1.0,
    1.0,
    1.0
  ],
  "windowed_accuracy": [
    1.0,
    1.0,
    1.0,
    1.0,
    1.0,
    1.0,
    1.0,
    1.0,
    1.0,
    1.0,
    1.0,
    0.9,
    0.9,
    0.9,
    0.9,
    0.9,
    0.9,
    0.9,
    0.9,
    0.9,
    0.9,
    1.0,
    0.9,
    0.9,
    0.9,
    0.8,
    0.8,
    0.7,
    0.6,
    0.5,
    0.5,
    0.5,
    0.5,
    0.5,
    0.4,
    0.5,
    0.5,
    0.6,
    0.7,
    0.8,
    0.8,
    0.8,
    0.9,
    0.9,
    1.0,
    1.0,
    1.0,
    1.0,
    1.0,
    1.0,
    1.0,
    1.0,
    1.0,
    1.0,
    1.0,
    1.0,
    1.0
  ],
  "outcome_counts": {
    "success": 49,
    "failure": 8
  },
  "state_type": "playbook",
  "model": "gpt-5.4",
  "run_id": "appworld_playbook_gpt54_60"
}